{
  "0": {
    "precision": 0.9880201765447667,
    "recall": 1.0,
    "f1-score": 0.9939739930225182,
    "support": 15670.0
  },
  "1": {
    "precision": 0.0,
    "recall": 0.0,
    "f1-score": 0.0,
    "support": 190.0
  },
  "accuracy": 0.9880201765447667,
  "macro avg": {
    "precision": 0.49401008827238335,
    "recall": 0.5,
    "f1-score": 0.4969869965112591,
    "support": 15860.0
  },
  "weighted avg": {
    "precision": 0.976183869259552,
    "recall": 0.9880201765447667,
    "f1-score": 0.9820663600670152,
    "support": 15860.0
  }
}