{
  "0": {
    "precision": 0.9951117773577527,
    "recall": 0.974345883854499,
    "f1-score": 0.9846193531744752,
    "support": 15670.0
  },
  "1": {
    "precision": 0.22243713733075435,
    "recall": 0.6052631578947368,
    "f1-score": 0.32531824611032534,
    "support": 190.0
  },
  "accuracy": 0.9699243379571248,
  "macro avg": {
    "precision": 0.6087744573442535,
    "recall": 0.7898045208746179,
    "f1-score": 0.6549687996424003,
    "support": 15860.0
  },
  "weighted avg": {
    "precision": 0.9858552715818932,
    "recall": 0.9699243379571248,
    "f1-score": 0.9767210423080069,
    "support": 15860.0
  }
}