{
  "0": {
    "precision": 0.9899060436769934,
    "recall": 0.9950861518825782,
    "f1-score": 0.9924893386799059,
    "support": 15670.0
  },
  "1": {
    "precision": 0.28703703703703703,
    "recall": 0.1631578947368421,
    "f1-score": 0.2080536912751678,
    "support": 190.0
  },
  "accuracy": 0.9851197982345523,
  "macro avg": {
    "precision": 0.6384715403570153,
    "recall": 0.5791220233097102,
    "f1-score": 0.6002715149775368,
    "support": 15860.0
  },
  "weighted avg": {
    "precision": 0.9814857970652915,
    "recall": 0.9851197982345523,
    "f1-score": 0.9830919381120055,
    "support": 15860.0
  }
}