{
  "0": {
    "precision": 0.9944077843641651,
    "recall": 0.5673899170389279,
    "f1-score": 0.7225224493112836,
    "support": 15670.0
  },
  "1": {
    "precision": 0.020234137881196705,
    "recall": 0.7368421052631579,
    "f1-score": 0.03938669292446195,
    "support": 190.0
  },
  "accuracy": 0.5694199243379571,
  "macro avg": {
    "precision": 0.5073209611226809,
    "recall": 0.6521160111510429,
    "f1-score": 0.3809545711178728,
    "support": 15860.0
  },
  "weighted avg": {
    "precision": 0.9827373560645583,
    "recall": 0.5694199243379571,
    "f1-score": 0.7143386035538122,
    "support": 15860.0
  }
}