{
  "0": {
    "precision": 0.9882553513923091,
    "recall": 0.9987874920229738,
    "f1-score": 0.9934935093788682,
    "support": 15670.0
  },
  "1": {
    "precision": 0.17391304347826086,
    "recall": 0.021052631578947368,
    "f1-score": 0.03755868544600939,
    "support": 190.0
  },
  "accuracy": 0.9870744010088273,
  "macro avg": {
    "precision": 0.5810841974352849,
    "recall": 0.5099200618009606,
    "f1-score": 0.5155260974124388,
    "support": 15860.0
  },
  "weighted avg": {
    "precision": 0.9784996743113716,
    "recall": 0.9870744010088273,
    "f1-score": 0.982041578953443,
    "support": 15860.0
  }
}