{
  "target": "incident_next_7d",
  "model": "extra_trees",
  "include_ids": true,
  "rows": 74250,
  "features": 31,
  "positive_rate": 0.021966329966329967,
  "train_rows": 59400,
  "test_rows": 14850,
  "average_precision": 0.20957823118517485,
  "roc_auc": 0.9538010282958775,
  "best_threshold": 0.5002407115637869,
  "precision": 0.2175732217573222,
  "recall": 0.9570552147239264,
  "f1": 0.35454545454545455,
  "threshold_metrics": {
    "precision": 0.2175732217573222,
    "recall": 0.9570552147239264,
    "f1": 0.35454545454545455
  }
}