{
  "0": {
    "precision": 0.9896612964607383,
    "recall": 0.9957243139757498,
    "f1-score": 0.9926835475251304,
    "support": 15670.0
  },
  "1": {
    "precision": 0.2872340425531915,
    "recall": 0.14210526315789473,
    "f1-score": 0.19014084507042253,
    "support": 190.0
  },
  "accuracy": 0.9854981084489282,
  "macro avg": {
    "precision": 0.638447669506965,
    "recall": 0.5689147885668222,
    "f1-score": 0.5914121962977765,
    "support": 15860.0
  },
  "weighted avg": {
    "precision": 0.9812463419687815,
    "recall": 0.9854981084489282,
    "f1-score": 0.9830692276344373,
    "support": 15860.0
  }
}