{
  "name": "anomaly_local_outlier_factor",
  "problem": "overload anomaly detection",
  "artifact_path": "models/artifacts/anomaly_local_outlier_factor.pkl",
  "saved_with": "joblib",
  "model_type": "LocalOutlierFactor",
  "target_used_for_evaluation_only": "overload_anomaly",
  "selection_metric": "average_precision on temporal test set",
  "threshold": -0.0087641616479625,
  "contamination": 0.002671690357938003,
  "train_rows": 58390,
  "train_fit_rows": 30000,
  "test_rows": 15860,
  "train_fit_anomaly_rate": 0.0,
  "test_anomaly_rate": 0.0034047919293820933,
  "predicted_anomaly_rate": 0.023203026481715006,
  "precision": 0.0625,
  "recall": 0.42592592592592593,
  "f1": 0.10900473933649289,
  "average_precision": 0.10657605515772486,
  "roc_auc": 0.8798018567726273,
  "reference_values": {
    "numeric": {
      "cpu_cores": {
        "median": 8.0,
        "mean": 12.628466666666666,
        "std": 14.630537572108855
      },
      "ram_gb": {
        "median": 16.0,
        "mean": 35.2708,
        "std": 45.862135442650285
      },
      "disk_tb": {
        "median": 1.0,
        "mean": 1.3351366666666669,
        "std": 1.6880757036703722
      },
      "age_days": {
        "median": 1107.0,
        "mean": 1107.4407,
        "std": 642.5146508447699
      },
      "has_gpu": {
        "median": 0.0,
        "mean": 0.055,
        "std": 0.22798026230355997
      },
      "is_managed": {
        "median": 0.0,
        "mean": 0.15466666666666667,
        "std": 0.3615866270880173
      },
      "cpu_util_pct": {
        "median": 41.86,
        "mean": 41.87582999999999,
        "std": 17.82221808953925
      },
      "ram_util_pct": {
        "median": 42.56,
        "mean": 42.637513000000006,
        "std": 15.390011201798966
      },
      "disk_util_pct": {
        "median": 36.6,
        "mean": 37.04502766666667,
        "std": 12.358121438925682
      },
      "net_in_gb": {
        "median": 129.505,
        "mean": 156.00546066666666,
        "std": 112.63046052145242
      },
      "net_out_gb": {
        "median": 113.405,
        "mean": 136.08053233333334,
        "std": 98.32800100212191
      },
      "temperature_c": {
        "median": 52.04,
        "mean": 51.99659066666666,
        "std": 9.017405942755722
      },
      "backup_success": {
        "median": 1.0,
        "mean": 0.9551666666666667,
        "std": 0.20693792681757386
      },
      "scheduled_maintenance": {
        "median": 0.0,
        "mean": 0.0828,
        "std": 0.2755796799475607
      },
      "avg_rack_temperature_c": {
        "median": 52.32,
        "mean": 52.07811933333333,
        "std": 2.4803832277344204
      },
      "power_usage_mw": {
        "median": 0.555,
        "mean": 0.5642232666666667,
        "std": 0.08705113756864728
      },
      "network_latency_ms": {
        "median": 18.47,
        "mean": 18.768579333333335,
        "std": 7.118184070981368
      },
      "support_tickets": {
        "median": 4.0,
        "mean": 4.366833333333333,
        "std": 2.2755365606574833
      },
      "capacity_used_pct": {
        "median": 68.26,
        "mean": 68.69652166666667,
        "std": 12.104232256991653
      },
      "contract_months": {
        "median": 12.0,
        "mean": 11.853766666666667,
        "std": 10.537456167353147
      },
      "tenure_days": {
        "median": 1251.0,
        "mean": 1247.3474333333334,
        "std": 702.8254582208958
      },
      "monthly_spend_eur": {
        "median": 71.51,
        "mean": 106.92736699999999,
        "std": 120.82368205291534
      },
      "day_of_week": {
        "median": 3.0,
        "mean": 3.0407333333333333,
        "std": 1.9642999080814745
      },
      "day_of_month": {
        "median": 15.0,
        "mean": 15.265866666666666,
        "std": 8.604059986360445
      },
      "days_since_start": {
        "median": 29.0,
        "mean": 29.055966666666666,
        "std": 17.023263525703744
      },
      "cpu_ram_pressure": {
        "median": 16.848513500000003,
        "mean": 18.377607557866664,
        "std": 11.139688227126202
      },
      "thermal_pressure": {
        "median": 21.727775,
        "mean": 23.101842265200002,
        "std": 12.704526766829202
      },
      "network_total_gb": {
        "median": 264.72,
        "mean": 292.08599300000003,
        "std": 151.93714372097196
      },
      "network_balance_gb": {
        "median": 14.995000000000005,
        "mean": 19.924928333333337,
        "std": 147.04807783377584
      },
      "utilization_pressure": {
        "median": 47.474999999999994,
        "mean": 47.563723083333336,
        "std": 7.245660770082244
      }
    },
    "categorical": {
      "server_type": "vps",
      "region": "rbx",
      "os_family": "linux",
      "segment": "sme",
      "country": "FR",
      "support_plan": "basic"
    }
  },
  "source_run": "train/anomaly_detection/runs/20260707_192528"
}