{
  "name": "server_segmentation_gaussian_mixture",
  "problem": "server segmentation clustering",
  "artifact_path": "models/artifacts/server_segmentation_gaussian_mixture.pkl",
  "saved_with": "joblib",
  "model_type": "GaussianMixture",
  "covariance_type": "diag",
  "n_clusters": 2.0,
  "cluster_candidates": [
    2,
    3,
    4,
    5,
    6
  ],
  "selection_metric": "silhouette",
  "silhouette": 0.12248805828311256,
  "davies_bouldin": 2.5606206840195473,
  "calinski_harabasz": 179.40238438721698,
  "bic": 237150.53275687713,
  "profiles": [
    {
      "cluster": 0,
      "server_count": 1843,
      "utilization_pressure_mean": 46.59780142783839,
      "cpu_util_pct_mean": 40.52878307016712,
      "ram_util_pct_mean": 39.888945500922794,
      "disk_util_pct_mean": 37.411913203009185,
      "capacity_used_pct_mean": 68.56156393725446,
      "network_latency_ms_mean": 18.555403628109392,
      "temperature_c_mean": 51.468806377398444,
      "backup_failure_rate": 0.044701964592036056,
      "monthly_spend_eur_first": 105.95914270211613,
      "observation_count": 33.825284861638636,
      "profile_name": "serveurs standard",
      "profile_driver": "aucun ecart dominant"
    },
    {
      "cluster": 1,
      "server_count": 357,
      "utilization_pressure_mean": 53.10993135756803,
      "cpu_util_pct_mean": 51.84697555336384,
      "ram_util_pct_mean": 56.90817802348452,
      "disk_util_pct_mean": 35.003117885027955,
      "capacity_used_pct_mean": 68.6814539683958,
      "network_latency_ms_mean": 18.477233203161152,
      "temperature_c_mean": 56.198520997827146,
      "backup_failure_rate": 0.04690612585444972,
      "monthly_spend_eur_first": 111.88585434173669,
      "observation_count": 33.36134453781513,
      "profile_name": "serveurs temperature elevee",
      "profile_driver": "temperature_c_mean (+2.36 vs moyenne clusters)"
    }
  ],
  "source_run": "train/server_segmentation/runs/20260707_192441"
}