{
  "name": "server_segmentation_gaussian_mixture",
  "problem": "server segmentation clustering",
  "artifact_path": "models/artifacts/server_segmentation_gaussian_mixture.pkl",
  "saved_with": "joblib",
  "model_type": "GaussianMixture",
  "covariance_type": "diag",
  "n_clusters": 3,
  "selection_metric": "silhouette",
  "silhouette": 0.10059208643361957,
  "davies_bouldin": 2.542267460201417,
  "calinski_harabasz": 183.63127843056404,
  "profiles": [
    {
      "cluster": 0,
      "server_count": 240,
      "utilization_pressure_mean": 44.65342889287153,
      "cpu_util_pct_mean": 28.87878718968615,
      "ram_util_pct_mean": 28.124254340693764,
      "disk_util_pct_mean": 53.07624820261141,
      "capacity_used_pct_mean": 68.53442583849483,
      "network_latency_ms_mean": 18.562876784327802,
      "temperature_c_mean": 46.64711598163305,
      "backup_failure_rate": 0.04498245792520365,
      "monthly_spend_eur_first": 113.36491666666667,
      "observation_count": 33.37083333333333,
      "profile_name": "serveurs stockage sollicite",
      "profile_driver": "disk_util_pct_mean (+12.03 vs moyenne clusters)"
    },
    {
      "cluster": 1,
      "server_count": 357,
      "utilization_pressure_mean": 53.10993135756803,
      "cpu_util_pct_mean": 51.84697555336384,
      "ram_util_pct_mean": 56.90817802348452,
      "disk_util_pct_mean": 35.003117885027955,
      "capacity_used_pct_mean": 68.6814539683958,
      "network_latency_ms_mean": 18.477233203161152,
      "temperature_c_mean": 56.198520997827146,
      "backup_failure_rate": 0.04690612585444972,
      "monthly_spend_eur_first": 111.88585434173669,
      "observation_count": 33.36134453781513,
      "profile_name": "serveurs temperature elevee",
      "profile_driver": "temperature_c_mean (+4.52 vs moyenne clusters)"
    },
    {
      "cluster": 2,
      "server_count": 1603,
      "utilization_pressure_mean": 46.888911476741725,
      "cpu_util_pct_mean": 42.27301202295279,
      "ram_util_pct_mean": 41.6503465479939,
      "disk_util_pct_mean": 35.066660302257766,
      "capacity_used_pct_mean": 68.56562703376245,
      "network_latency_ms_mean": 18.554284752568268,
      "temperature_c_mean": 52.19070637426912,
      "backup_failure_rate": 0.04465996933317129,
      "monthly_spend_eur_first": 104.85035558328134,
      "observation_count": 33.89332501559576,
      "profile_name": "serveurs standard",
      "profile_driver": "aucun ecart dominant"
    }
  ],
  "source_run": "train/server_segmentation/runs/20260703_140125"
}