mean_fit_time,std_fit_time,mean_score_time,std_score_time,param_model__C,params,split0_test_score,split1_test_score,split2_test_score,mean_test_score,std_test_score,rank_test_score
0.6370713710784912,0.2657185783059412,0.05539480845133463,0.021789915738669553,0.0745934328572655,{'model__C': np.float64(0.0745934328572655)},0.02534965997182548,0.026354909541379746,0.03199428491445275,0.02789961814255266,0.002924306602022581,4
0.5681858062744141,0.15289591725671944,0.05274661382039388,0.02632139148438837,56.69849511478853,{'model__C': np.float64(56.69849511478853)},0.025343955483900813,0.026200731044748016,0.03197042500824217,0.027838370512296998,0.002942665668914471,8
0.6422236760457357,0.17778837676585177,0.04111615816752116,0.018329594297285225,4.5705630998014515,{'model__C': np.float64(4.5705630998014515)},0.025345664547428953,0.026202825902834882,0.03197694990096039,0.027841813450408075,0.0029448482129322178,6
0.5996511777242025,0.2175926501188735,0.0330666700998942,0.017059660384379075,0.9846738873614566,{'model__C': np.float64(0.9846738873614566)},0.025341840890640097,0.026211580935766723,0.03197669580496183,0.02784337254378955,0.0029441900779371244,5
0.4649049441019694,0.1836950578215113,0.03232892354329427,0.009285942486368272,0.006026889128682512,{'model__C': np.float64(0.006026889128682512)},0.02582567449250897,0.026898085164934357,0.03237613179915697,0.028366630485533433,0.0028687502215592802,3
0.5656273365020752,0.15787937023150808,0.04179684321085612,0.014179594869987145,0.0060252157362038605,{'model__C': np.float64(0.0060252157362038605)},0.02582565360855906,0.02689812003633368,0.032376471537597235,0.028366748394163324,0.002868908715280434,2
0.3961658477783203,0.21292691308414874,0.029581228892008465,0.011416884413408535,0.0019517224641449498,{'model__C': np.float64(0.0019517224641449498)},0.02643382604148084,0.027689864130055718,0.03301293335393453,0.029045541175157025,0.002851848341591393,1
0.45143500963846844,0.15727775389097023,0.025166114171346027,0.007781195548027001,21.42302175774105,{'model__C': np.float64(21.42302175774105)},0.025344040111134204,0.026201588285176734,0.03197013630562576,0.0278385882339789,0.00294234762493575,7
