{
  "0": {
    "precision": 0.9923205988642231,
    "recall": 0.9813018506700703,
    "f1-score": 0.9867804658923186,
    "support": 15670.0
  },
  "1": {
    "precision": 0.19505494505494506,
    "recall": 0.3736842105263158,
    "f1-score": 0.2563176895306859,
    "support": 190.0
  },
  "accuracy": 0.9740226986128625,
  "macro avg": {
    "precision": 0.5936877719595841,
    "recall": 0.677493030598193,
    "f1-score": 0.6215490777115023,
    "support": 15860.0
  },
  "weighted avg": {
    "precision": 0.9827694970846668,
    "recall": 0.9740226986128625,
    "f1-score": 0.9780296507908867,
    "support": 15860.0
  }
}