{
  "0": {
    "precision": 0.9931800158604283,
    "recall": 0.399617102744097,
    "f1-score": 0.5699203640500569,
    "support": 15670.0
  },
  "1": {
    "precision": 0.015384615384615385,
    "recall": 0.7736842105263158,
    "f1-score": 0.030169317598768598,
    "support": 190.0
  },
  "accuracy": 0.40409836065573773,
  "macro avg": {
    "precision": 0.5042823156225218,
    "recall": 0.5866506566352063,
    "f1-score": 0.30004484082441274,
    "support": 15860.0
  },
  "weighted avg": {
    "precision": 0.9814661995873888,
    "recall": 0.40409836065573773,
    "f1-score": 0.563454241803793,
    "support": 15860.0
  }
}