{
  "0": {
    "precision": 0.9880802219979818,
    "recall": 0.9998085513720485,
    "f1-score": 0.9939097887457972,
    "support": 15670.0
  },
  "1": {
    "precision": 0.25,
    "recall": 0.005263157894736842,
    "f1-score": 0.010309278350515464,
    "support": 190.0
  },
  "accuracy": 0.9878940731399748,
  "macro avg": {
    "precision": 0.6190401109989909,
    "recall": 0.5025358546333927,
    "f1-score": 0.5021095335481564,
    "support": 15860.0
  },
  "weighted avg": {
    "precision": 0.9792381512426467,
    "recall": 0.9878940731399748,
    "f1-score": 0.9821264282807843,
    "support": 15860.0
  }
}