{
  "model": "gradient_boosting",
  "rows": 518,
  "train_rows": 414,
  "test_rows": 104,
  "mae": 2.0077490461845957,
  "rmse": 2.426112389562754,
  "r2": -0.4339851939489934
}