{
  "target": "incident_next_7d",
  "model": "extra_trees",
  "include_ids": false,
  "rows": 74250,
  "features": 29,
  "positive_rate": 0.021966329966329967,
  "train_rows": 59400,
  "test_rows": 14850,
  "average_precision": 0.21180023302320586,
  "roc_auc": 0.9560220189810645,
  "best_threshold": 0.4398281398819935,
  "precision": 0.2193877551020408,
  "recall": 0.9233128834355828,
  "f1": 0.3545347467608952,
  "threshold_metrics": {
    "precision": 0.2193877551020408,
    "recall": 0.9233128834355828,
    "f1": 0.3545347467608952
  }
}