mean_fit_time,std_fit_time,mean_score_time,std_score_time,param_model__C,params,split0_test_score,split1_test_score,split2_test_score,mean_test_score,std_test_score,rank_test_score
0.018024524052937824,0.0023766457645648434,0.004289547602335612,9.708005867404029e-05,0.0745934328572655,{'model__C': np.float64(0.0745934328572655)},0.03724035479748482,0.038177051614266516,0.08795437006309753,0.05445725882494962,0.02368912121920501,1
