{
  "target": "overload_anomaly",
  "model": "extra_trees",
  "include_ids": false,
  "rows": 74250,
  "features": 29,
  "positive_rate": 0.0028282828282828283,
  "train_rows": 59400,
  "test_rows": 14850,
  "average_precision": 0.7001034654187731,
  "roc_auc": 0.9990240153327674,
  "best_threshold": 0.2644252501503444,
  "precision": 0.52,
  "recall": 0.9285714285714286,
  "f1": 0.6666666666666666,
  "threshold_metrics": {
    "precision": 0.52,
    "recall": 0.9285714285714286,
    "f1": 0.6666666666666666
  }
}