top_k_per_day,selected_total,captured_incidents,total_incidents,capture_rate,precision_at_k
50,800,105,190,0.5526315789473685,0.13125
100,1600,131,190,0.6894736842105263,0.081875
250,4000,140,190,0.7368421052631579,0.035
500,8000,158,190,0.8315789473684211,0.01975
