model,precision_positive_default,recall_positive_default,f1_positive_default,roc_auc,average_precision,best_threshold,threshold_precision_positive,threshold_recall_positive,threshold_f1_positive,top_50_capture_rate,top_50_precision,top_100_capture_rate,top_100_precision,top_250_capture_rate,top_250_precision,top_500_capture_rate,top_500_precision,best_cv_average_precision,training_seconds,best_params
extra_trees,0.2872340425531915,0.14210526315789473,0.19014084507042253,0.7842817317703961,0.12720234239074746,0.4751899520153573,0.24647887323943662,0.18421052631578946,0.21084337349397592,0.35789473684210527,0.085,0.5157894736842106,0.06125,0.6631578947368421,0.0315,0.8210526315789474,0.0195,0.18063317131018755,1.083630324999831,"{'model__max_depth': 24, 'model__max_features': 1.0, 'model__min_samples_leaf': 15, 'model__min_samples_split': 12, 'model__n_estimators': 251, 'reducer': 'passthrough'}"
hist_gradient_boosting,0.5,0.005263157894736842,0.010416666666666666,0.7406992913042018,0.10577357314593996,0.0048055146387805696,0.17355371900826447,0.22105263157894736,0.19444444444444445,0.3526315789473684,0.08375,0.45789473684210524,0.054375,0.6,0.0285,0.7842105263157895,0.018625,0.13350595837143733,1.5444199810008286,"{'model__l2_regularization': 0.5618101782710437, 'model__learning_rate': 0.17254716573280354, 'model__max_iter': 206, 'model__max_leaf_nodes': 75, 'model__min_samples_leaf': 30, 'reducer': SelectKBest(k=80)}"
random_forest,0.0,0.0,0.0,0.6773076277163874,0.051475077457787684,0.2636379509079814,0.09712230215827339,0.14210526315789473,0.11538461538461539,0.18947368421052632,0.045,0.32105263157894737,0.038125,0.5210526315789473,0.02475,0.7263157894736842,0.01725,0.08429424342278441,1.7550940359978995,"{'model__max_depth': 24, 'model__max_features': 1.0, 'model__min_samples_leaf': 15, 'model__min_samples_split': 12, 'model__n_estimators': 251, 'reducer': 'passthrough'}"
logistic_regression,0.018369175627240143,0.21578947368421053,0.033856317093311314,0.5834581667954186,0.015670545937498,0.509018629691629,0.018946395563770795,0.21578947368421053,0.034834324553950725,0.08947368421052632,0.02125,0.1631578947368421,0.019375,0.3473684210526316,0.0165,0.6368421052631579,0.015125,0.06838638706051269,0.9173017350003647,"{'model__C': 0.0745934328572655, 'reducer': PCA(n_components=0.95, random_state=42)}"
