model,top_k_per_day,selected_total,captured_incidents,total_incidents,capture_rate,precision_at_k,mean_daily_capture_rate
logistic_regression,50,800,17,190,0.08947368421052632,0.02125,0.06651785435067169
logistic_regression,100,1600,31,190,0.1631578947368421,0.019375,0.13326165234833967
logistic_regression,250,4000,66,190,0.3473684210526316,0.0165,0.2933355447442135
logistic_regression,500,8000,121,190,0.6368421052631579,0.015125,0.5892086946421311
