model,top_k_per_day,selected_total,captured_incidents,total_incidents,capture_rate,precision_at_k,mean_daily_capture_rate
extra_trees,50,800,68,190,0.35789473684210527,0.085,0.28154997565214285
extra_trees,100,1600,98,190,0.5157894736842106,0.06125,0.41665002524135647
extra_trees,250,4000,126,190,0.6631578947368421,0.0315,0.5774346516916178
extra_trees,500,8000,156,190,0.8210526315789474,0.0195,0.7680445766823476
