model,precision_positive_default,recall_positive_default,f1_positive_default,roc_auc,average_precision,best_threshold,threshold_precision_positive,threshold_recall_positive,threshold_f1_positive,top_50_capture_rate,top_50_precision,top_100_capture_rate,top_100_precision,top_250_capture_rate,top_250_precision,top_500_capture_rate,top_500_precision,best_cv_average_precision,training_seconds,best_params
random_forest,0.3333333333333333,0.042105263157894736,0.07476635514018691,0.8216706411849662,0.1455841660968402,0.297081617829726,0.25,0.26842105263157895,0.25888324873096447,0.5473684210526316,0.13,0.6631578947368421,0.07875,0.7631578947368421,0.03625,0.8578947368421053,0.020375,0.11936851608975944,165.91482083099982,"{'model__max_depth': None, 'model__max_features': 0.7, 'model__min_samples_leaf': 9, 'model__min_samples_split': 18, 'model__n_estimators': 238, 'reducer': 'SelectKBest(k=70)'}"
hist_gradient_boosting,0.25,0.005263157894736842,0.010309278350515464,0.7711520505155679,0.09683432720035595,0.07183653064104373,0.1902834008097166,0.24736842105263157,0.2151029748283753,0.42105263157894735,0.1,0.5210526315789473,0.061875,0.6789473684210526,0.03225,0.8157894736842105,0.019375,0.12490992287768209,14.50987894300124,"{'model__l2_regularization': 0.9262222644415747, 'model__learning_rate': 0.06248547977119089, 'model__max_iter': 188, 'model__max_leaf_nodes': 63, 'model__min_samples_leaf': 68, 'reducer': 'SelectKBest(k=80)'}"
extra_trees,0.14794520547945206,0.28421052631578947,0.1945945945945946,0.7956754441944043,0.09681530819087218,0.3777192336821731,0.12795549374130738,0.4842105263157895,0.20242024202420242,0.5,0.11875,0.6526315789473685,0.0775,0.7157894736842105,0.034,0.7842105263157895,0.018625,0.17682348334158274,63.903748942000675,"{'model__max_depth': 24, 'model__max_features': 1.0, 'model__min_samples_leaf': 1, 'model__min_samples_split': 13, 'model__n_estimators': 493, 'reducer': 'SelectKBest(k=40)'}"
logistic_regression,0.015157558835261268,0.4,0.029208301306687164,0.5588966513283848,0.01444450531528525,0.5398157251397784,0.01888848528877588,0.2736842105263158,0.03533809038396194,0.08421052631578947,0.02,0.16842105263157894,0.02,0.3631578947368421,0.01725,0.6421052631578947,0.01525,0.0306374733074625,3.7783414050027204,"{'model__C': 0.001267425589893723, 'reducer': 'SelectKBest(k=30)'}"
