model,top_k_per_day,selected_total,captured_incidents,total_incidents,capture_rate,precision_at_k,mean_daily_capture_rate
logistic_regression,50,800,16,190,0.08421052631578947,0.02,0.06511814295096029
logistic_regression,100,1600,32,190,0.16842105263157894,0.02,0.125469868968321
logistic_regression,250,4000,69,190,0.3631578947368421,0.01725,0.3446201287532557
logistic_regression,500,8000,122,190,0.6421052631578947,0.01525,0.6178427798551637
