model,top_k_per_day,selected_total,captured_incidents,total_incidents,capture_rate,precision_at_k,mean_daily_capture_rate
extra_trees,50,800,95,190,0.5,0.11875,0.38246335535809217
extra_trees,100,1600,124,190,0.6526315789473685,0.0775,0.5070313484245372
extra_trees,250,4000,136,190,0.7157894736842105,0.034,0.5670777657155366
extra_trees,500,8000,149,190,0.7842105263157895,0.018625,0.6528197945845005
