model,top_k_per_day,selected_total,captured_incidents,total_incidents,capture_rate,precision_at_k,mean_daily_capture_rate
random_forest,50,800,104,190,0.5473684210526316,0.13,0.4162361116695482
random_forest,100,1600,126,190,0.6631578947368421,0.07875,0.5069995175103534
random_forest,250,4000,145,190,0.7631578947368421,0.03625,0.6233753501400561
random_forest,500,8000,163,190,0.8578947368421053,0.020375,0.7422217978100332
