{
  "0": {
    "precision": 0.9898689956331878,
    "recall": 0.7232929164007658,
    "f1-score": 0.8358407079646017,
    "support": 15670.0
  },
  "1": {
    "precision": 0.016780045351473923,
    "recall": 0.3894736842105263,
    "f1-score": 0.03217391304347826,
    "support": 190.0
  },
  "accuracy": 0.7192938209331652,
  "macro avg": {
    "precision": 0.5033245204923308,
    "recall": 0.556383300305646,
    "f1-score": 0.43400731050404,
    "support": 15860.0
  },
  "weighted avg": {
    "precision": 0.9782115618025745,
    "recall": 0.7192938209331652,
    "f1-score": 0.8262129216446136,
    "support": 15860.0
  }
}