{
  "0": {
    "precision": 0.9908275042892966,
    "recall": 0.958200382897256,
    "f1-score": 0.9742408512847132,
    "support": 15670.0
  },
  "1": {
    "precision": 0.07223796033994334,
    "recall": 0.26842105263157895,
    "f1-score": 0.11383928571428571,
    "support": 190.0
  },
  "accuracy": 0.949936948297604,
  "macro avg": {
    "precision": 0.53153273231462,
    "recall": 0.6133107177644175,
    "f1-score": 0.5440400684994995,
    "support": 15860.0
  },
  "weighted avg": {
    "precision": 0.97982296372496,
    "recall": 0.949936948297604,
    "f1-score": 0.9639333924285731,
    "support": 15860.0
  }
}