{
  "0": {
    "precision": 0.9912229751532753,
    "recall": 0.9801531589023612,
    "f1-score": 0.9856569870046527,
    "support": 15670.0
  },
  "1": {
    "precision": 0.14794520547945206,
    "recall": 0.28421052631578947,
    "f1-score": 0.1945945945945946,
    "support": 190.0
  },
  "accuracy": 0.9718158890290037,
  "macro avg": {
    "precision": 0.5695840903163637,
    "recall": 0.6321818426090753,
    "f1-score": 0.5901257907996236,
    "support": 15860.0
  },
  "weighted avg": {
    "precision": 0.98112065634886,
    "recall": 0.9718158890290037,
    "f1-score": 0.9761801992015057,
    "support": 15860.0
  }
}