{
  "0": {
    "precision": 0.9894892126129449,
    "recall": 0.6848755583918316,
    "f1-score": 0.8094735254186152,
    "support": 15670.0
  },
  "1": {
    "precision": 0.015157558835261268,
    "recall": 0.4,
    "f1-score": 0.029208301306687164,
    "support": 190.0
  },
  "accuracy": 0.6814627994955864,
  "macro avg": {
    "precision": 0.5023233857241031,
    "recall": 0.5424377791959158,
    "f1-score": 0.41934091336265117,
    "support": 15860.0
  },
  "weighted avg": {
    "precision": 0.9778168914138428,
    "recall": 0.6814627994955864,
    "f1-score": 0.8001260857854962,
    "support": 15860.0
  }
}