{
  "0": {
    "precision": 0.9885071987875726,
    "recall": 0.9989789406509253,
    "f1-score": 0.9937154827651876,
    "support": 15670.0
  },
  "1": {
    "precision": 0.3333333333333333,
    "recall": 0.042105263157894736,
    "f1-score": 0.07476635514018691,
    "support": 190.0
  },
  "accuracy": 0.987515762925599,
  "macro avg": {
    "precision": 0.660920266060453,
    "recall": 0.52054210190441,
    "f1-score": 0.5342409189526872,
    "support": 15860.0
  },
  "weighted avg": {
    "precision": 0.9806583315469481,
    "recall": 0.987515762925599,
    "f1-score": 0.9827066344518994,
    "support": 15860.0
  }
}