{
  "0": {
    "precision": 0.9880817253121453,
    "recall": 0.9999361837906828,
    "f1-score": 0.9939736107586907,
    "support": 15670.0
  },
  "1": {
    "precision": 0.5,
    "recall": 0.005263157894736842,
    "f1-score": 0.010416666666666666,
    "support": 190.0
  },
  "accuracy": 0.9880201765447667,
  "macro avg": {
    "precision": 0.7440408626560726,
    "recall": 0.5025996708427098,
    "f1-score": 0.5021951387126787,
    "support": 15860.0
  },
  "weighted avg": {
    "precision": 0.9822345924111802,
    "recall": 0.9880201765447667,
    "f1-score": 0.9821907722102995,
    "support": 15860.0
  }
}