{
  "0": {
    "precision": 0.9890666275315527,
    "recall": 0.8601786853860881,
    "f1-score": 0.9201310669670285,
    "support": 15670.0
  },
  "1": {
    "precision": 0.018369175627240143,
    "recall": 0.21578947368421053,
    "f1-score": 0.033856317093311314,
    "support": 190.0
  },
  "accuracy": 0.8524590163934426,
  "macro avg": {
    "precision": 0.5037179015793964,
    "recall": 0.5379840795351494,
    "f1-score": 0.4769936920301699,
    "support": 15860.0
  },
  "weighted avg": {
    "precision": 0.9774378434292942,
    "recall": 0.8524590163934426,
    "f1-score": 0.9095136519307103,
    "support": 15860.0
  }
}