{
  "data_source": "data/raw/ml_training_dataset.csv",
  "target": "incident_next_7d",
  "test_size": 0.2,
  "n_iter": 3,
  "cv": 4,
  "preprocessing": {
    "encoded_categorical_features": [
      "server_type",
      "region",
      "os_family",
      "segment",
      "country",
      "support_plan"
    ],
    "scaled_numeric_features": [
      "cpu_cores",
      "ram_gb",
      "disk_tb",
      "age_days",
      "cpu_util_pct",
      "ram_util_pct",
      "disk_util_pct",
      "net_in_gb",
      "net_out_gb",
      "temperature_c",
      "avg_rack_temperature_c",
      "power_usage_mw",
      "network_latency_ms",
      "capacity_used_pct",
      "contract_months",
      "tenure_days",
      "monthly_spend_eur"
    ],
    "rows_after_cleaning": 74250,
    "feature_count": 49
  },
  "train_rows": 59400,
  "test_rows": 14850,
  "positive_rate": 0.021966329966329967,
  "best_model": "RandomForestClassifier",
  "selection_metric": "average_precision",
  "results": {
    "DummyClassifier": {
      "accuracy": 0.5008080808080808,
      "precision_at_default_threshold": 0.02237498315136811,
      "recall_at_default_threshold": 0.50920245398773,
      "f1_at_default_threshold": 0.04286636539703034,
      "classification_report": {
        "0": {
          "precision": 0.9784685775804064,
          "recall": 0.5006196640044065,
          "f1-score": 0.6623548166704623,
          "support": 14524.0
        },
        "1": {
          "precision": 0.02237498315136811,
          "recall": 0.50920245398773,
          "f1-score": 0.04286636539703034,
          "support": 326.0
        },
        "accuracy": 0.5008080808080808,
        "macro avg": {
          "precision": 0.5004217803658872,
          "recall": 0.5049110589960683,
          "f1-score": 0.3526105910337463,
          "support": 14850.0
        },
        "weighted avg": {
          "precision": 0.9574795868878901,
          "recall": 0.5008080808080808,
          "f1-score": 0.6487552722182643,
          "support": 14850.0
        }
      },
      "average_precision": 0.021952861952861953,
      "roc_auc": 0.5,
      "best_threshold": 0.5,
      "precision": 0.021952861952861953,
      "recall": 1.0,
      "f1": 0.04296257248286769,
      "threshold_metrics": {
        "precision": 0.021952861952861953,
        "recall": 1.0,
        "f1": 0.04296257248286769
      },
      "best_params": "Default parameters used",
      "cv_best_average_precision": null
    },
    "RandomForestClassifier": {
      "accuracy": 0.978047138047138,
      "precision_at_default_threshold": 0.0,
      "recall_at_default_threshold": 0.0,
      "f1_at_default_threshold": 0.0,
      "classification_report": {
        "0": {
          "precision": 0.978047138047138,
          "recall": 1.0,
          "f1-score": 0.9889017498468033,
          "support": 14524.0
        },
        "1": {
          "precision": 0.0,
          "recall": 0.0,
          "f1-score": 0.0,
          "support": 326.0
        },
        "accuracy": 0.978047138047138,
        "macro avg": {
          "precision": 0.489023569023569,
          "recall": 0.5,
          "f1-score": 0.4944508749234017,
          "support": 14850.0
        },
        "weighted avg": {
          "precision": 0.9565762042421976,
          "recall": 0.978047138047138,
          "f1-score": 0.9671925262474729,
          "support": 14850.0
        }
      },
      "average_precision": 0.19548156851967316,
      "roc_auc": 0.9466339192333231,
      "best_threshold": 0.05901345406829151,
      "precision": 0.20211898940505296,
      "recall": 0.7607361963190185,
      "f1": 0.3193818415969092,
      "threshold_metrics": {
        "precision": 0.20211898940505296,
        "recall": 0.7607361963190185,
        "f1": 0.3193818415969092
      },
      "best_params": {
        "n_estimators": 500,
        "min_samples_leaf": 5,
        "max_features": "sqrt",
        "max_depth": null
      },
      "cv_best_average_precision": 0.19218568409702486
    },
    "GradientBoostingClassifier": {
      "accuracy": 0.9767003367003367,
      "precision_at_default_threshold": 0.2727272727272727,
      "recall_at_default_threshold": 0.03680981595092025,
      "f1_at_default_threshold": 0.06486486486486487,
      "classification_report": {
        "0": {
          "precision": 0.9787923814669729,
          "recall": 0.9977967502065547,
          "f1-score": 0.9882032049096489,
          "support": 14524.0
        },
        "1": {
          "precision": 0.2727272727272727,
          "recall": 0.03680981595092025,
          "f1-score": 0.06486486486486487,
          "support": 326.0
        },
        "accuracy": 0.9767003367003367,
        "macro avg": {
          "precision": 0.6257598270971227,
          "recall": 0.5173032830787374,
          "f1-score": 0.5265340348872569,
          "support": 14850.0
        },
        "weighted avg": {
          "precision": 0.9632922316050777,
          "recall": 0.9767003367003367,
          "f1-score": 0.967933285794861,
          "support": 14850.0
        }
      },
      "average_precision": 0.17404724275900949,
      "roc_auc": 0.9088544790682821,
      "best_threshold": 0.02691349806771102,
      "precision": 0.1890595009596929,
      "recall": 0.6042944785276073,
      "f1": 0.2880116959064328,
      "threshold_metrics": {
        "precision": 0.1890595009596929,
        "recall": 0.6042944785276073,
        "f1": 0.2880116959064327
      },
      "best_params": {
        "subsample": 0.8,
        "n_estimators": 200,
        "min_samples_split": 2,
        "min_samples_leaf": 2,
        "max_depth": 7,
        "learning_rate": 0.1
      },
      "cv_best_average_precision": 0.1521865839449843
    }
  }
}