{
  "model": "random_forest",
  "rows": 518,
  "train_rows": 414,
  "test_rows": 104,
  "mae": 1.7850542010115247,
  "rmse": 2.1722501404825727,
  "r2": -0.1495887466729442
}