{
  "0": {
    "precision": 0.9885464785167374,
    "recall": 0.996936821952776,
    "f1-score": 0.9927239220919518,
    "support": 15670.0
  },
  "1": {
    "precision": 0.15789473684210525,
    "recall": 0.04736842105263158,
    "f1-score": 0.0728744939271255,
    "support": 190.0
  },
  "accuracy": 0.9855611601513241,
  "macro avg": {
    "precision": 0.5732206076794213,
    "recall": 0.5221526215027038,
    "f1-score": 0.5327992080095386,
    "support": 15860.0
  },
  "weighted avg": {
    "precision": 0.9785954172986933,
    "recall": 0.9855611601513241,
    "f1-score": 0.98170428833714,
    "support": 15860.0
  }
}