{
  "0": {
    "precision": 0.9889860959225121,
    "recall": 0.8079770261646458,
    "f1-score": 0.8893649901657769,
    "support": 15670.0
  },
  "1": {
    "precision": 0.016023544800523218,
    "recall": 0.2578947368421053,
    "f1-score": 0.03017241379310345,
    "support": 190.0
  },
  "accuracy": 0.8013871374527112,
  "macro avg": {
    "precision": 0.5025048203615177,
    "recall": 0.5329358815033756,
    "f1-score": 0.45976870197944014,
    "support": 15860.0
  },
  "weighted avg": {
    "precision": 0.9773301763315172,
    "recall": 0.8013871374527112,
    "f1-score": 0.8790720147867852,
    "support": 15860.0
  }
}