model,accuracy,precision_positive,recall_positive,f1_positive,roc_auc,average_precision,best_cv_average_precision,training_seconds,best_params
extra_trees,0.9699243379571248,0.22243713733075435,0.6052631578947368,0.32531824611032534,0.8215967487320728,0.17738738873821056,0.4436424556959267,1.1849498480005423,"{'model__max_depth': 18, 'model__max_features': 0.5, 'model__min_samples_leaf': 10, 'model__min_samples_split': 4, 'model__n_estimators': 364}"
hist_gradient_boosting,0.9851197982345523,0.28703703703703703,0.1631578947368421,0.2080536912751678,0.8342484801665939,0.16031021139256513,0.35576119628653907,1.1234718400010024,"{'model__l2_regularization': np.float64(0.3745401188473625), 'model__learning_rate': np.float64(0.2133249073808361), 'model__max_iter': 186, 'model__max_leaf_nodes': 22, 'model__min_samples_leaf': 70}"
random_forest,0.9870744010088273,0.17391304347826086,0.021052631578947368,0.03755868544600939,0.7907355657810768,0.13526305403131444,0.3077445949674853,1.7035079460001725,"{'model__max_depth': 14, 'model__max_features': 'sqrt', 'model__min_samples_leaf': 11, 'model__min_samples_split': 9, 'model__n_estimators': 338}"
logistic_regression,0.5694199243379571,0.020234137881196705,0.7368421052631579,0.03938669292446195,0.6912067981056662,0.024415049133873372,0.05421430129432859,3.3888799460000882,"{'model__C': np.float64(0.008263688714158009), 'model__penalty': 'l2'}"
dummy_prior,0.9880201765447667,0.0,0.0,0.0,0.5,0.01197982345523329,,,
