mean_fit_time,std_fit_time,mean_score_time,std_score_time,param_model__l2_regularization,param_model__learning_rate,param_model__max_iter,param_model__max_leaf_nodes,param_model__min_samples_leaf,params,split0_test_score,split1_test_score,split2_test_score,mean_test_score,std_test_score,rank_test_score
0.22230680783589682,0.07694464434814478,0.01212604840596517,0.0004496147660948783,0.3745401188473625,0.2133249073808361,186,22,70,"{'model__l2_regularization': np.float64(0.3745401188473625), 'model__learning_rate': np.float64(0.2133249073808361), 'model__max_iter': 186, 'model__max_leaf_nodes': 22, 'model__min_samples_leaf': 70}",0.10976813270720415,0.287635354123731,0.6698801020286821,0.35576119628653907,0.23368383530187384,1
0.22583564122517905,0.06160671199968111,0.011366923650105795,0.0001921048567340513,0.596850157946487,0.041999821282212975,154,25,33,"{'model__l2_regularization': np.float64(0.596850157946487), 'model__learning_rate': np.float64(0.041999821282212975), 'model__max_iter': 154, 'model__max_leaf_nodes': 25, 'model__min_samples_leaf': 33}",0.09151128021990224,0.28705856754937603,0.600188007786887,0.3262526185187217,0.20950757108929638,2
