mean_fit_time,std_fit_time,mean_score_time,std_score_time,param_model__C,param_model__penalty,params,split0_test_score,split1_test_score,split2_test_score,mean_test_score,std_test_score,rank_test_score
1.8077811400095622,0.732430975343229,0.005132277806599935,0.00011637763094049655,0.0745934328572655,l1,"{'model__C': np.float64(0.0745934328572655), 'model__penalty': 'l1'}",0.04812062902233805,0.036302226799388264,0.05606198255691654,0.046828279459547616,0.00811848148541858,2
0.2933988571166992,0.3002862606465485,0.004971901575724284,7.548156331119686e-05,0.008263688714158009,l2,"{'model__C': np.float64(0.008263688714158009), 'model__penalty': 'l2'}",0.06394185237496593,0.03848547871739554,0.06021557279062432,0.05421430129432859,0.01122551215246323,1
