{
  "target": "incident_next_7d",
  "model": "extra_trees",
  "include_ids": false,
  "rows": 74250,
  "features": 29,
  "positive_rate": 0.021966329966329967,
  "train_rows": 59400,
  "test_rows": 14850,
  "average_precision": 0.21180023302320586,
  "roc_auc": 0.9560220189810645,
  "best_threshold": 0.4464879995113025,
  "precision": 0.22075055187637968,
  "recall": 0.9202453987730062,
  "f1": 0.3560830860534125,
  "threshold_metrics": {
    "precision": 0.22075055187637968,
    "recall": 0.9202453987730062,
    "f1": 0.35608308605341243
  }
}