top_k_per_day,selected_total,captured_incidents,total_incidents,capture_rate,precision_at_k
50,800,89,190,0.46842105263157896,0.11125
100,1600,119,190,0.6263157894736842,0.074375
250,4000,141,190,0.7421052631578947,0.03525
500,8000,159,190,0.8368421052631579,0.019875
