{
  "target": "incident_next_7d",
  "model": "gradient_boosting",
  "include_ids": false,
  "rows": 74250,
  "features": 29,
  "positive_rate": 0.021966329966329967,
  "train_rows": 59400,
  "test_rows": 14850,
  "average_precision": 0.13206976973257917,
  "roc_auc": 0.852544466277944,
  "best_threshold": 0.0606787286711064,
  "precision": 0.16299019607843138,
  "recall": 0.40797546012269936,
  "f1": 0.2329246935201401,
  "threshold_metrics": {
    "precision": 0.16299019607843138,
    "recall": 0.40797546012269936,
    "f1": 0.2329246935201401
  }
}