{
  "0": {
    "precision": 0.9939402286186476,
    "recall": 0.9211231652839821,
    "f1-score": 0.9561473237943826,
    "support": 15670.0
  },
  "1": {
    "precision": 0.07623318385650224,
    "recall": 0.5368421052631579,
    "f1-score": 0.13350785340314136,
    "support": 190.0
  },
  "accuracy": 0.9165195460277428,
  "macro avg": {
    "precision": 0.5350867062375749,
    "recall": 0.72898263527357,
    "f1-score": 0.544827588598762,
    "support": 15860.0
  },
  "weighted avg": {
    "precision": 0.9829462602387733,
    "recall": 0.9165195460277428,
    "f1-score": 0.9462922481717889,
    "support": 15860.0
  }
}