model,accuracy,precision_positive,recall_positive,f1_positive,roc_auc,average_precision,best_cv_average_precision,training_seconds,best_params
random_forest,0.949936948297604,0.07223796033994334,0.26842105263157895,0.11383928571428571,0.8178236993248916,0.06054902463406469,0.09853527169575062,48.28326603300229,"{'model__max_depth': 18, 'model__max_features': 0.8, 'model__min_samples_leaf': 9, 'model__min_samples_split': 2, 'model__n_estimators': 208}"
extra_trees,0.9165195460277428,0.07623318385650224,0.5368421052631579,0.13350785340314136,0.8054614919557989,0.05994864186080594,0.11157273709314071,38.83955952500037,"{'model__max_depth': 18, 'model__max_features': 0.8, 'model__min_samples_leaf': 9, 'model__min_samples_split': 2, 'model__n_estimators': 208}"
hist_gradient_boosting,0.9880201765447667,0.0,0.0,0.0,0.7348174520538744,0.0415463296476535,0.08016265344287403,5.278077967999707,"{'model__l2_regularization': np.float64(0.6508884729488529), 'model__learning_rate': np.float64(0.011991127016176283), 'model__max_iter': 167, 'model__max_leaf_nodes': 58, 'model__min_samples_leaf': 39}"
logistic_regression,0.7192938209331652,0.016780045351473923,0.3894736842105263,0.03217391304347826,0.5870983777247842,0.018632508562505472,0.029045541175157025,2.5038661800026603,{'model__C': np.float64(0.0019517224641449498)}
dummy_prior,0.9880201765447667,0.0,0.0,0.0,0.5,0.01197982345523329,,,
