mean_fit_time,std_fit_time,mean_score_time,std_score_time,param_model__C,params,split0_test_score,split1_test_score,split2_test_score,mean_test_score,std_test_score,rank_test_score
0.5904815196990967,0.32638988339054786,0.043498595555623375,0.008816598625104479,0.0745934328572655,{'model__C': np.float64(0.0745934328572655)},0.02534965997182548,0.026354909541379746,0.03199428491445275,0.02789961814255266,0.002924306602022581,4
0.6930753389994303,0.20157139283327144,0.042444467544555664,0.018068741920012503,56.69849511478853,{'model__C': np.float64(56.69849511478853)},0.025343955483900813,0.026200731044748016,0.03197042500824217,0.027838370512296998,0.002942665668914471,8
0.7265360355377197,0.166316089967499,0.042601823806762695,0.025165421695773568,4.5705630998014515,{'model__C': np.float64(4.5705630998014515)},0.025345664547428953,0.026202825902834882,0.03197694990096039,0.027841813450408075,0.0029448482129322178,6
0.5245692729949951,0.2138910501679732,0.039000352223714195,0.010517625792991595,0.9846738873614566,{'model__C': np.float64(0.9846738873614566)},0.025341840890640097,0.026211580935766723,0.03197669580496183,0.02784337254378955,0.0029441900779371244,5
0.49797654151916504,0.1253743885691237,0.049533843994140625,0.014639820184941556,0.006026889128682512,{'model__C': np.float64(0.006026889128682512)},0.02582567449250897,0.026898085164934357,0.03237613179915697,0.028366630485533433,0.0028687502215592802,3
0.4884637991587321,0.19611189629313783,0.027952035268147785,0.011863465228283417,0.0060252157362038605,{'model__C': np.float64(0.0060252157362038605)},0.02582565360855906,0.02689812003633368,0.032376471537597235,0.028366748394163324,0.002868908715280434,2
0.40682140986124676,0.13617391672583856,0.04529492060343424,0.013323266187787813,0.0019517224641449498,{'model__C': np.float64(0.0019517224641449498)},0.02643382604148084,0.027689864130055718,0.03301293335393453,0.029045541175157025,0.002851848341591393,1
0.48505473136901855,0.050535653918815204,0.02567259470621745,0.010024879673550707,21.42302175774105,{'model__C': np.float64(21.42302175774105)},0.025344040111134204,0.026201588285176734,0.03197013630562576,0.0278385882339789,0.00294234762493575,7
