model,accuracy,precision_positive,recall_positive,f1_positive,roc_auc,average_precision,best_cv_average_precision,training_seconds,best_params
extra_trees,0.9740226986128625,0.19505494505494506,0.3736842105263158,0.2563176895306859,0.8003728210123265,0.1311207271257058,0.21132280915978843,0.9644532560014341,"{'model__max_depth': 14, 'model__max_features': 'sqrt', 'model__min_samples_leaf': 11, 'model__min_samples_split': 9, 'model__n_estimators': 338}"
hist_gradient_boosting,0.9855611601513241,0.15789473684210525,0.04736842105263158,0.0728744939271255,0.7723648943673798,0.11091225722805002,0.20189159070616167,0.9268567679973785,"{'model__l2_regularization': np.float64(0.3745401188473625), 'model__learning_rate': np.float64(0.2133249073808361), 'model__max_iter': 186, 'model__max_leaf_nodes': 22, 'model__min_samples_leaf': 70}"
random_forest,0.9878940731399748,0.25,0.005263157894736842,0.010309278350515464,0.7450267020454774,0.09393759559414504,0.20339482569173303,1.422007709999889,"{'model__max_depth': 14, 'model__max_features': 'sqrt', 'model__min_samples_leaf': 11, 'model__min_samples_split': 9, 'model__n_estimators': 338}"
logistic_regression,0.40409836065573773,0.015384615384615385,0.7736842105263158,0.030169317598768598,0.677853424243442,0.028516170962290442,0.05629440027601099,4.473253571002715,"{'model__C': np.float64(0.0745934328572655), 'model__l1_ratio': 1.0}"
dummy_prior,0.9880201765447667,0.0,0.0,0.0,0.5,0.01197982345523329,,,
