model,accuracy,precision_positive,recall_positive,f1_positive,roc_auc,average_precision,best_cv_average_precision,training_seconds,best_params
extra_trees,0.9740226986128625,0.19505494505494506,0.3736842105263158,0.2563176895306859,0.8003728210123265,0.1311207271257058,0.21132280915978843,0.9565203140009544,"{'model__max_depth': 14, 'model__max_features': 'sqrt', 'model__min_samples_leaf': 11, 'model__min_samples_split': 9, 'model__n_estimators': 338}"
hist_gradient_boosting,0.9855611601513241,0.15789473684210525,0.04736842105263158,0.0728744939271255,0.7723648943673798,0.11091225722805002,0.20189159070616167,0.9383950150004239,"{'model__l2_regularization': 0.3745401188473625, 'model__learning_rate': 0.2133249073808361, 'model__max_iter': 186, 'model__max_leaf_nodes': 22, 'model__min_samples_leaf': 70}"
random_forest,0.9878940731399748,0.25,0.005263157894736842,0.010309278350515464,0.7450267020454774,0.09393759559414504,0.20339482569173303,1.4106324229978782,"{'model__max_depth': 14, 'model__max_features': 'sqrt', 'model__min_samples_leaf': 11, 'model__min_samples_split': 9, 'model__n_estimators': 338}"
logistic_regression,0.8013871374527112,0.016023544800523218,0.2578947368421053,0.03017241379310345,0.6335303798743828,0.01658342190416291,0.05445725882494962,0.6129286889990908,{'model__C': 0.0745934328572655}
dummy_prior,0.9880201765447667,0.0,0.0,0.0,0.5,0.01197982345523329,,,
