model,top_k_per_day,selected_total,captured_incidents,total_incidents,capture_rate,precision_at_k,mean_daily_capture_rate
random_forest,50,800,36,190,0.18947368421052632,0.045,0.14148711797318608
random_forest,100,1600,61,190,0.32105263157894737,0.038125,0.26484410670169184
random_forest,250,4000,99,190,0.5210526315789473,0.02475,0.42517009993790184
random_forest,500,8000,138,190,0.7263157894736842,0.01725,0.6701767788455094
