model,top_k_per_day,selected_total,captured_incidents,total_incidents,capture_rate,precision_at_k,mean_daily_capture_rate
hist_gradient_boosting,50,800,67,190,0.3526315789473684,0.08375,0.3161129427847694
hist_gradient_boosting,100,1600,87,190,0.45789473684210524,0.054375,0.39815181894129265
hist_gradient_boosting,250,4000,114,190,0.6,0.0285,0.5446442532355846
hist_gradient_boosting,500,8000,149,190,0.7842105263157895,0.018625,0.7320606328655863
